<?xml version="1.0" encoding="UTF-8"?>
<con:soapui-project id="bd21edcd-483f-4bf0-9194-56b593ace4b3" created="3.8.0" activeEnvironment="Default environment" name="REST Project_ReadyAPI" resourceRoot="${projectDir}" updated="3.8.0 2021-04-27T13:32:15Z" encryptionMode="Not encrypted" abortOnError="false" runType="SEQUENTIAL" soapui-version="5.6.0" xmlns:con="http://eviware.com/soapui/config">
  <con:settings/>
  <con:interface xsi:type="con:RestService" id="c8e0b9d9-9d5c-45d3-9c03-6bb1b924fe7d" wadlVersion="http://wadl.dev.java.net/2009/02" name="https://petstore.swagger.io" type="rest" xmlns:xsi="http://www.w3.org/2001/XMLSchema-instance">
    <con:settings/>
    <con:definitionCache type="TEXT" rootPart=""/>
    <con:endpoints>
      <con:endpoint>https://petstore.swagger.io</con:endpoint>
    </con:endpoints>
    <con:resource name="Pet" path="/v2/pet" id="affd31a6-559f-4ad7-a2a6-450e5020ced2">
      <con:settings/>
      <con:parameters/>
      <con:resource name="Get_Pet" path="{petId}" id="a06ebc43-22b9-4e6a-9c26-061a9dc19148">
        <con:settings/>
        <con:parameters>
          <con:parameter required="true">
            <con:name>petId</con:name>
            <con:value>petId</con:value>
            <con:style>TEMPLATE</con:style>
            <con:default>petId</con:default>
          </con:parameter>
        </con:parameters>
        <con:method name="Get1" id="1cc229f1-752e-4055-966a-99d65cb3617d" method="GET">
          <con:settings/>
          <con:parameters/>
          <con:representation type="RESPONSE">
            <con:mediaType>application/json</con:mediaType>
            <con:status>200</con:status>
            <con:params/>
            <con:element xmlns:ns="https://petstore.swagger.io/v2/pet/9222968140498483468">ns:Response</con:element>
          </con:representation>
          <con:request name="Request 1" id="88d0ca39-a9a6-4577-a027-dd82711d8609" mediaType="application/json">
            <con:settings/>
            <con:endpoint>https://petstore.swagger.io</con:endpoint>
            <con:request/>
            <con:credentials>
              <con:selectedAuthProfile>No Authorization</con:selectedAuthProfile>
              <con:authType>No Authorization</con:authType>
            </con:credentials>
            <con:jmsConfig JMSDeliveryMode="PERSISTENT"/>
            <con:parameters>
              <con:entry key="petId" value=""/>
            </con:parameters>
          </con:request>
        </con:method>
        <con:method name="Get2" id="2bffdee3-2e6e-4e6b-b692-6d297819bc5c" method="GET">
          <con:settings/>
          <con:parameters/>
          <con:representation type="RESPONSE">
            <con:mediaType>application/json</con:mediaType>
            <con:status>200</con:status>
            <con:params/>
            <con:element xmlns:ns="https://petstore.swagger.io/v2/pet/9222968140498484258">ns:Response</con:element>
          </con:representation>
          <con:request name="Request 1" id="28748edd-cf0b-441a-b5aa-48055cd4099f" mediaType="application/json">
            <con:settings/>
            <con:endpoint>https://petstore.swagger.io</con:endpoint>
            <con:request/>
            <con:credentials>
              <con:selectedAuthProfile>No Authorization</con:selectedAuthProfile>
              <con:authType>No Authorization</con:authType>
            </con:credentials>
            <con:jmsConfig JMSDeliveryMode="PERSISTENT"/>
            <con:parameters>
              <con:entry key="petId" value=""/>
            </con:parameters>
          </con:request>
        </con:method>
        <con:method name="Delete" id="0fcc232f-161e-4a17-b87c-1d81f011cabc" method="DELETE">
          <con:settings/>
          <con:parameters/>
          <con:representation type="REQUEST">
            <con:mediaType>application/json</con:mediaType>
            <con:params/>
          </con:representation>
          <con:representation type="RESPONSE">
            <con:mediaType>application/json</con:mediaType>
            <con:status>200</con:status>
            <con:params/>
            <con:element xmlns:ns="https://petstore.swagger.io/v2/pet/9222968140498484392">ns:Response</con:element>
          </con:representation>
          <con:request name="Request 1" id="7c6479ba-0a62-4877-ba74-f51607838e3f" mediaType="application/json" postQueryString="false">
            <con:settings/>
            <con:endpoint>https://petstore.swagger.io</con:endpoint>
            <con:request/>
            <con:credentials>
              <con:selectedAuthProfile>No Authorization</con:selectedAuthProfile>
              <con:authType>No Authorization</con:authType>
            </con:credentials>
            <con:jmsConfig JMSDeliveryMode="PERSISTENT"/>
            <con:parameters/>
          </con:request>
        </con:method>
        <con:method name="Get3" id="967382d9-5cb0-4e43-8ca0-6bcde44e5193" method="GET">
          <con:settings/>
          <con:parameters/>
          <con:representation type="FAULT">
            <con:mediaType>application/json</con:mediaType>
            <con:status>404</con:status>
            <con:params/>
            <con:element xmlns:ns="https://petstore.swagger.io/v2/pet/9222968140498484455">ns:Fault</con:element>
          </con:representation>
          <con:representation type="RESPONSE">
            <con:mediaType>application/json</con:mediaType>
            <con:status>200</con:status>
            <con:params/>
            <con:element xmlns:ns="https://petstore.swagger.io/v2/pet/9222968140498484455">ns:Response</con:element>
          </con:representation>
          <con:request name="Request 1" id="a10ef5cc-f9ad-4bd6-bf21-6917a4479297" mediaType="application/json">
            <con:settings/>
            <con:endpoint>https://petstore.swagger.io</con:endpoint>
            <con:request/>
            <con:credentials>
              <con:selectedAuthProfile>No Authorization</con:selectedAuthProfile>
              <con:authType>No Authorization</con:authType>
            </con:credentials>
            <con:jmsConfig JMSDeliveryMode="PERSISTENT"/>
            <con:parameters>
              <con:entry key="petId" value=""/>
            </con:parameters>
          </con:request>
        </con:method>
      </con:resource>
      <con:method name="Post_Pet" id="44c72a46-3e64-47c1-b2d2-b2c0b38371f5" method="POST">
        <con:settings/>
        <con:parameters/>
        <con:representation type="REQUEST">
          <con:mediaType>application/json</con:mediaType>
          <con:params/>
        </con:representation>
        <con:representation type="RESPONSE">
          <con:mediaType>application/json</con:mediaType>
          <con:status>200</con:status>
          <con:params/>
          <con:element xmlns:pet="https://petstore.swagger.io/v2/pet">pet:Response</con:element>
        </con:representation>
        <con:request name="Request 1" id="ce176b3c-b12e-4fd4-b560-63da73da2fa6" mediaType="application/json" postQueryString="false">
          <con:settings/>
          <con:endpoint>https://petstore.swagger.io</con:endpoint>
          <con:request/>
          <con:credentials>
            <con:selectedAuthProfile>No Authorization</con:selectedAuthProfile>
            <con:authType>No Authorization</con:authType>
          </con:credentials>
          <con:jmsConfig JMSDeliveryMode="PERSISTENT"/>
          <con:parameters/>
        </con:request>
      </con:method>
      <con:method name="Put_Pet" id="318c1042-2f9a-45e5-af39-6dc7227b4c9e" method="PUT">
        <con:settings/>
        <con:parameters/>
        <con:representation type="REQUEST">
          <con:mediaType>application/json</con:mediaType>
          <con:params/>
        </con:representation>
        <con:representation type="RESPONSE">
          <con:mediaType>application/json</con:mediaType>
          <con:status>200</con:status>
          <con:params/>
          <con:element xmlns:pet="https://petstore.swagger.io/v2/pet">pet:Response</con:element>
        </con:representation>
        <con:request name="Request 1" id="131577a8-b5c4-424c-8c31-a9e29d494575" mediaType="application/json" postQueryString="false">
          <con:settings/>
          <con:endpoint>https://petstore.swagger.io</con:endpoint>
          <con:request/>
          <con:credentials>
            <con:selectedAuthProfile>No Authorization</con:selectedAuthProfile>
            <con:authType>No Authorization</con:authType>
          </con:credentials>
          <con:jmsConfig JMSDeliveryMode="PERSISTENT"/>
          <con:parameters/>
        </con:request>
      </con:method>
    </con:resource>
  </con:interface>
  <con:testSuite id="6e66b988-0515-4763-9622-d1ec2cb8aba6" name="PetTestSuite">
    <con:settings/>
    <con:savedRecentRuns>1</con:savedRecentRuns>
    <con:runType>SEQUENTIAL</con:runType>
    <con:testCase id="09428d3a-036b-4c58-9738-09c724fdea0e" discardOkResults="false" failOnError="true" failTestCaseOnErrors="true" keepSession="false" name="Test Case 1" searchProperties="true" timeout="0" maxResults="0">
      <con:settings/>
      <con:savedRecentRuns>1</con:savedRecentRuns>
      <con:testStep type="datasource" name="Data Source" id="b186d0af-35d0-488c-9892-51e7026f1e73">
        <con:settings/>
        <con:config xsi:type="con:DataSourceStep" xmlns:xsi="http://www.w3.org/2001/XMLSchema-instance">
          <con:dataSource type="Excel">
            <con:configuration>
              <file>Test case1_Data.xlsx</file>
              <worksheet>Pet</worksheet>
              <cell>A2</cell>
              <ignoreEmpty>false</ignoreEmpty>
              <evaluateFormulas>false</evaluateFormulas>
            </con:configuration>
          </con:dataSource>
          <con:shared>true</con:shared>
          <con:restartShared>true</con:restartShared>
          <con:property>Name1</con:property>
          <con:property>Name2</con:property>
          <con:property>Name3</con:property>
          <con:property>Name4</con:property>
          <con:restartOnRun>true</con:restartOnRun>
        </con:config>
      </con:testStep>
      <con:testStep type="restrequest" name="Post_Pet" id="dfcf4a30-e255-4119-8c97-2ea8e121df0a">
        <con:settings/>
        <con:config service="https://petstore.swagger.io" methodName="Post_Pet" resourcePath="/v2/pet" xsi:type="con:RestRequestStep" xmlns:xsi="http://www.w3.org/2001/XMLSchema-instance">
          <con:restRequest name="Post_Pet" id="a2c4d80b-621b-44cc-8acb-42617467b797" mediaType="application/json" postQueryString="false">
            <con:settings>
              <con:setting id="com.eviware.soapui.impl.wsdl.WsdlRequest@request-headers">&lt;xml-fragment/></con:setting>
            </con:settings>
            <con:encoding>UTF-8</con:encoding>
            <con:endpoint>https://petstore.swagger.io</con:endpoint>
            <con:request>{
  "id": 0,
  "category": {
    "id": 0,
    "name": "${Data Source#Name1}"
  },
  "name": "${Data Source#Name2}",
  "photoUrls": [
    "string"
  ],
  "tags": [
    {
      "id": 0,
      "name": "${Data Source#Name3}"
    }
  ],
  "status": "available"
}</con:request>
            <con:originalUri>https://petstore.swagger.io/v2/pet</con:originalUri>
            <con:assertion type="JsonPath Existence Match" id="cb7f2da9-3dd5-47c1-8343-ad2dacf35f7f" name="JSONPath Existence Match">
              <con:configuration>
                <path>$['id']</path>
                <content>true</content>
                <allowWildcards>false</allowWildcards>
                <ignoreNamspaceDifferences>false</ignoreNamspaceDifferences>
                <ignoreComments>false</ignoreComments>
              </con:configuration>
            </con:assertion>
            <con:assertion type="Valid HTTP Status Codes" id="9af3e9dc-1f65-4436-8fa6-9864b37ecae8" name="Valid HTTP Status Codes">
              <con:settings/>
              <con:configuration>
                <codes>200</codes>
              </con:configuration>
            </con:assertion>
            <con:credentials>
              <con:selectedAuthProfile>No Authorization</con:selectedAuthProfile>
              <con:authType>No Authorization</con:authType>
            </con:credentials>
            <con:jmsConfig JMSDeliveryMode="PERSISTENT"/>
            <con:parameters/>
          </con:restRequest>
        </con:config>
      </con:testStep>
      <con:testStep type="transfer" name="Property Transfer" id="187155dc-da39-4c9d-beaf-fd4fe2da49d8">
        <con:settings/>
        <con:config xsi:type="con:PropertyTransfersStep" xmlns:xsi="http://www.w3.org/2001/XMLSchema-instance">
          <con:transfers setNullOnMissingSource="true" transferTextContent="true" failOnError="true" ignoreEmpty="false" transferToAll="false" entitize="false" transferChildNodes="false">
            <con:name>Pet_ID</con:name>
            <con:sourceType>Response</con:sourceType>
            <con:sourceStep>Post_Pet</con:sourceStep>
            <con:sourcePath>$['id']</con:sourcePath>
            <con:targetType>petId</con:targetType>
            <con:targetStep>Get_Pet</con:targetStep>
            <con:targetPath/>
            <con:type>JSONPATH</con:type>
            <con:upgraded>true</con:upgraded>
          </con:transfers>
        </con:config>
      </con:testStep>
      <con:testStep type="restrequest" name="Get_Pet" id="9b526bcc-5c84-4044-8d2a-fee8eaa617d6">
        <con:settings/>
        <con:config service="https://petstore.swagger.io" resourcePath="/v2/pet/{petId}" methodName="Get1" xsi:type="con:RestRequestStep" xmlns:xsi="http://www.w3.org/2001/XMLSchema-instance">
          <con:restRequest name="Get_Pet" id="88d0ca39-a9a6-4577-a027-dd82711d8609" mediaType="application/json">
            <con:settings>
              <con:setting id="com.eviware.soapui.impl.wsdl.WsdlRequest@request-headers">&lt;xml-fragment/></con:setting>
            </con:settings>
            <con:endpoint>https://petstore.swagger.io</con:endpoint>
            <con:request/>
            <con:originalUri>https://petstore.swagger.io/v2/pet/9222968140498483468</con:originalUri>
            <con:assertion type="Valid HTTP Status Codes" id="937f549a-0224-4f12-ab69-fbacbc0c1684" name="Valid HTTP Status Codes">
              <con:settings/>
              <con:configuration>
                <codes>200,201</codes>
              </con:configuration>
            </con:assertion>
            <con:assertion type="JsonPath Existence Match" id="cce35bcf-e2ed-4088-bdd2-ef0e3a0dc4a3" name="JSONPath Existence Match">
              <con:configuration>
                <path>$['id']</path>
                <content>true</content>
                <allowWildcards>false</allowWildcards>
                <ignoreNamspaceDifferences>false</ignoreNamspaceDifferences>
                <ignoreComments>false</ignoreComments>
              </con:configuration>
            </con:assertion>
            <con:credentials>
              <con:selectedAuthProfile>No Authorization</con:selectedAuthProfile>
              <con:authType>No Authorization</con:authType>
            </con:credentials>
            <con:jmsConfig JMSDeliveryMode="PERSISTENT"/>
            <con:parameters>
              <con:entry key="petId" value="9222968140498479838"/>
            </con:parameters>
          </con:restRequest>
        </con:config>
      </con:testStep>
      <con:testStep type="restrequest" name="Put_Pet" id="bfc74679-be24-438b-9c69-ff6dc8ad3cab">
        <con:settings/>
        <con:config service="https://petstore.swagger.io" resourcePath="/v2/pet" methodName="Put_Pet" xsi:type="con:RestRequestStep" xmlns:xsi="http://www.w3.org/2001/XMLSchema-instance">
          <con:restRequest name="Put_Pet" id="131577a8-b5c4-424c-8c31-a9e29d494575" mediaType="application/json" postQueryString="false">
            <con:settings>
              <con:setting id="com.eviware.soapui.impl.wsdl.WsdlRequest@request-headers">&lt;xml-fragment/></con:setting>
            </con:settings>
            <con:endpoint>https://petstore.swagger.io</con:endpoint>
            <con:request>{
  "id": 0,
  "category": {
    "id": 0,
    "name": "${Data Source#Name4}"
  },
  "name": "${Data Source#Name4}",
  "photoUrls": [
    "string"
  ],
  "tags": [
    {
      "id": 0,
      "name": "${Data Source#Name4}"
    }
  ],
  "status": "available"
}</con:request>
            <con:originalUri>https://petstore.swagger.io/v2/pet</con:originalUri>
            <con:assertion type="JsonPath Existence Match" id="d0b3083c-cd5e-4c51-a7f1-a6cef97afc13" name="JSONPath Existence Match">
              <con:configuration>
                <path>$['id']</path>
                <content>true</content>
                <allowWildcards>false</allowWildcards>
                <ignoreNamspaceDifferences>false</ignoreNamspaceDifferences>
                <ignoreComments>false</ignoreComments>
              </con:configuration>
            </con:assertion>
            <con:assertion type="Valid HTTP Status Codes" id="70423d1a-78d5-4566-9b10-fb5b05b0f916" name="Valid HTTP Status Codes">
              <con:settings/>
              <con:configuration>
                <codes>200</codes>
              </con:configuration>
            </con:assertion>
            <con:credentials>
              <con:selectedAuthProfile>No Authorization</con:selectedAuthProfile>
              <con:authType>No Authorization</con:authType>
            </con:credentials>
            <con:jmsConfig JMSDeliveryMode="PERSISTENT"/>
            <con:parameters/>
          </con:restRequest>
        </con:config>
      </con:testStep>
      <con:testStep type="transfer" name="Property Transfer1" id="c91fd8c8-3178-4fe8-9e1c-9ce3960e8613">
        <con:settings/>
        <con:config xsi:type="con:PropertyTransfersStep" xmlns:xsi="http://www.w3.org/2001/XMLSchema-instance">
          <con:transfers setNullOnMissingSource="true" transferTextContent="true" failOnError="true" ignoreEmpty="false" transferToAll="false" entitize="false" transferChildNodes="false">
            <con:name>Pet_id</con:name>
            <con:sourceType>Response</con:sourceType>
            <con:sourceStep>Put_Pet</con:sourceStep>
            <con:sourcePath>$['id']</con:sourcePath>
            <con:targetType>petId</con:targetType>
            <con:targetStep>Get_Pet2</con:targetStep>
            <con:targetPath/>
            <con:type>JSONPATH</con:type>
            <con:upgraded>true</con:upgraded>
          </con:transfers>
        </con:config>
      </con:testStep>
      <con:testStep type="restrequest" name="Get_Pet2" id="843c5be4-1069-41c9-9f01-9326f942adf2">
        <con:settings/>
        <con:config service="https://petstore.swagger.io" resourcePath="/v2/pet/{petId}" methodName="Get2" xsi:type="con:RestRequestStep" xmlns:xsi="http://www.w3.org/2001/XMLSchema-instance">
          <con:restRequest name="Get_Pet2" id="28748edd-cf0b-441a-b5aa-48055cd4099f" mediaType="application/json">
            <con:settings>
              <con:setting id="com.eviware.soapui.impl.wsdl.WsdlRequest@request-headers">&lt;xml-fragment/></con:setting>
            </con:settings>
            <con:endpoint>https://petstore.swagger.io</con:endpoint>
            <con:request/>
            <con:originalUri>https://petstore.swagger.io/v2/pet/9222968140498484258</con:originalUri>
            <con:assertion type="Valid HTTP Status Codes" id="e2d51180-9e07-4002-8681-128748e361ed" name="Valid HTTP Status Codes">
              <con:settings/>
              <con:configuration>
                <codes>200</codes>
              </con:configuration>
            </con:assertion>
            <con:assertion type="JsonPath Existence Match" id="6e5395b7-66a4-477d-93b9-3dcceb745692" name="JSONPath Existence Match">
              <con:configuration>
                <path>$['id']</path>
                <content>true</content>
                <allowWildcards>false</allowWildcards>
                <ignoreNamspaceDifferences>false</ignoreNamspaceDifferences>
                <ignoreComments>false</ignoreComments>
              </con:configuration>
            </con:assertion>
            <con:credentials>
              <con:selectedAuthProfile>No Authorization</con:selectedAuthProfile>
              <con:authType>No Authorization</con:authType>
            </con:credentials>
            <con:jmsConfig JMSDeliveryMode="PERSISTENT"/>
            <con:parameters>
              <con:entry key="petId" value="9222968140498479839"/>
            </con:parameters>
          </con:restRequest>
        </con:config>
      </con:testStep>
      <con:testStep type="transfer" name="Property Transfer2" id="7ba903d3-a1a3-492b-a050-f760ba12fed4">
        <con:settings/>
        <con:config xsi:type="con:PropertyTransfersStep" xmlns:xsi="http://www.w3.org/2001/XMLSchema-instance">
          <con:transfers setNullOnMissingSource="true" transferTextContent="true" failOnError="true" ignoreEmpty="false" transferToAll="false" entitize="false" transferChildNodes="false">
            <con:name>Pet_id</con:name>
            <con:sourceType>Response</con:sourceType>
            <con:sourceStep>Get_Pet2</con:sourceStep>
            <con:sourcePath>$['id']</con:sourcePath>
            <con:targetType>petId</con:targetType>
            <con:targetStep>Delete_Pet</con:targetStep>
            <con:targetPath/>
            <con:type>JSONPATH</con:type>
            <con:upgraded>true</con:upgraded>
          </con:transfers>
        </con:config>
      </con:testStep>
      <con:testStep type="restrequest" name="Delete_Pet" id="f56b99fc-e117-49ac-b662-32b24eafbaa7">
        <con:settings/>
        <con:config service="https://petstore.swagger.io" resourcePath="/v2/pet/{petId}" methodName="Delete" xsi:type="con:RestRequestStep" xmlns:xsi="http://www.w3.org/2001/XMLSchema-instance">
          <con:restRequest name="Delete_Pet" id="7c6479ba-0a62-4877-ba74-f51607838e3f" mediaType="application/json" postQueryString="false">
            <con:settings>
              <con:setting id="com.eviware.soapui.impl.wsdl.WsdlRequest@request-headers">&lt;xml-fragment/></con:setting>
            </con:settings>
            <con:endpoint>https://petstore.swagger.io</con:endpoint>
            <con:request/>
            <con:originalUri>https://petstore.swagger.io/v2/pet/9222968140498484392</con:originalUri>
            <con:assertion type="Valid HTTP Status Codes" id="e777a71d-c4a5-4e53-be8e-2f85760b03ba" name="Valid HTTP Status Codes">
              <con:settings/>
              <con:configuration>
                <codes>200</codes>
              </con:configuration>
            </con:assertion>
            <con:assertion type="JsonPath Existence Match" id="e879ecb9-1aa8-432d-87f5-8bcac29b851f" name="JSONPath Existence Match">
              <con:configuration>
                <path>$['type']</path>
                <content>true</content>
                <allowWildcards>false</allowWildcards>
                <ignoreNamspaceDifferences>false</ignoreNamspaceDifferences>
                <ignoreComments>false</ignoreComments>
              </con:configuration>
            </con:assertion>
            <con:credentials>
              <con:selectedAuthProfile>No Authorization</con:selectedAuthProfile>
              <con:authType>No Authorization</con:authType>
            </con:credentials>
            <con:jmsConfig JMSDeliveryMode="PERSISTENT"/>
            <con:parameters>
              <con:entry key="petId" value="9222968140498479839"/>
            </con:parameters>
          </con:restRequest>
        </con:config>
      </con:testStep>
      <con:testStep type="transfer" name="Property Transfer3" id="042fe54b-129d-43c0-add7-3d8408385525">
        <con:settings/>
        <con:config xsi:type="con:PropertyTransfersStep" xmlns:xsi="http://www.w3.org/2001/XMLSchema-instance">
          <con:transfers setNullOnMissingSource="true" transferTextContent="true" failOnError="true" ignoreEmpty="false" transferToAll="false" entitize="false" transferChildNodes="false">
            <con:name>Pet_Id</con:name>
            <con:sourceType>Response</con:sourceType>
            <con:sourceStep>Get_Pet2</con:sourceStep>
            <con:sourcePath>$['id']</con:sourcePath>
            <con:targetType>petId</con:targetType>
            <con:targetStep>Get_Pet3</con:targetStep>
            <con:targetPath/>
            <con:type>JSONPATH</con:type>
            <con:upgraded>true</con:upgraded>
          </con:transfers>
        </con:config>
      </con:testStep>
      <con:testStep type="restrequest" name="Get_Pet3" id="59482eb8-4496-4b41-ab01-a478613b20cc">
        <con:settings/>
        <con:config service="https://petstore.swagger.io" resourcePath="/v2/pet/{petId}" methodName="Get3" xsi:type="con:RestRequestStep" xmlns:xsi="http://www.w3.org/2001/XMLSchema-instance">
          <con:restRequest name="Get_Pet3" id="a10ef5cc-f9ad-4bd6-bf21-6917a4479297" mediaType="application/json">
            <con:settings>
              <con:setting id="com.eviware.soapui.impl.wsdl.WsdlRequest@request-headers">&lt;xml-fragment/></con:setting>
            </con:settings>
            <con:endpoint>https://petstore.swagger.io</con:endpoint>
            <con:request/>
            <con:originalUri>https://petstore.swagger.io/v2/pet/9222968140498484455</con:originalUri>
            <con:assertion type="Valid HTTP Status Codes" id="b361f750-7000-43ed-8e8f-e23f8b726021" name="Valid HTTP Status Codes">
              <con:settings/>
              <con:configuration>
                <codes>404</codes>
              </con:configuration>
            </con:assertion>
            <con:assertion type="JsonPath Match" id="333766a2-fac7-4447-85c3-5423dc0561ab" name="JSONPath Match">
              <con:configuration>
                <path>$['message']</path>
                <content>"Pet not found"</content>
                <allowWildcards>false</allowWildcards>
                <ignoreNamspaceDifferences>false</ignoreNamspaceDifferences>
                <ignoreComments>false</ignoreComments>
              </con:configuration>
            </con:assertion>
            <con:credentials>
              <con:selectedAuthProfile>No Authorization</con:selectedAuthProfile>
              <con:authType>No Authorization</con:authType>
            </con:credentials>
            <con:jmsConfig JMSDeliveryMode="PERSISTENT"/>
            <con:parameters>
              <con:entry key="petId" value="9222968140498479839"/>
            </con:parameters>
          </con:restRequest>
        </con:config>
      </con:testStep>
      <con:testStep type="datasink" name="Data Sink" id="546f9a10-7c7d-4624-b8fd-175566453457">
        <con:settings/>
        <con:config xsi:type="con:DataSinkStep" xmlns:xsi="http://www.w3.org/2001/XMLSchema-instance">
          <con:dataSink type="Excel">
            <con:configuration>
              <file/>
              <outfile>Test case1_Data.xlsx</outfile>
              <worksheet>Pet</worksheet>
              <cell>E2</cell>
              <evaluateFormulas>false</evaluateFormulas>
              <append>false</append>
            </con:configuration>
          </con:dataSink>
          <con:properties>
            <con:property>
              <con:name>ID</con:name>
              <con:value>${Post_Pet#Response#$['id']}</con:value>
            </con:property>
            <con:property>
              <con:name>Response</con:name>
              <con:value>${Get_Pet#Response}</con:value>
            </con:property>
            <con:property>
              <con:name>Put_Response</con:name>
              <con:value>${Put_Pet#Response#$['id']}</con:value>
            </con:property>
            <con:property>
              <con:name>Get_Response</con:name>
              <con:value>${Get_Pet2#Response}</con:value>
            </con:property>
            <con:property>
              <con:name>Delete</con:name>
              <con:value>${Delete_Pet#Response}</con:value>
            </con:property>
            <con:property>
              <con:name>Get_Response2</con:name>
              <con:value>${Get_Pet3#Response#$['message']}</con:value>
            </con:property>
          </con:properties>
        </con:config>
      </con:testStep>
      <con:testStep type="datasourceloop" name="Data Source Loop" id="f2e8933d-1ef3-40f2-a834-4f076ec1227d">
        <con:settings/>
        <con:config>
          <dataSourceStep>Data Source</dataSourceStep>
          <targetStep>Post_Pet</targetStep>
          <discardResults>false</discardResults>
        </con:config>
      </con:testStep>
      <con:properties/>
      <con:reportParameters/>
      <con:breakPoints>
        <con:testStepId>b186d0af-35d0-488c-9892-51e7026f1e73</con:testStepId>
        <con:status>NONE</con:status>
        <con:properties/>
      </con:breakPoints>
      <con:breakPoints>
        <con:testStepId>546f9a10-7c7d-4624-b8fd-175566453457</con:testStepId>
        <con:status>NONE</con:status>
        <con:properties/>
      </con:breakPoints>
      <con:breakPoints>
        <con:testStepId>9b526bcc-5c84-4044-8d2a-fee8eaa617d6</con:testStepId>
        <con:status>NONE</con:status>
        <con:properties/>
      </con:breakPoints>
      <con:breakPoints>
        <con:testStepId>187155dc-da39-4c9d-beaf-fd4fe2da49d8</con:testStepId>
        <con:status>NONE</con:status>
        <con:properties/>
      </con:breakPoints>
      <con:breakPoints>
        <con:testStepId>bfc74679-be24-438b-9c69-ff6dc8ad3cab</con:testStepId>
        <con:status>NONE</con:status>
        <con:properties/>
      </con:breakPoints>
      <con:breakPoints>
        <con:testStepId>c91fd8c8-3178-4fe8-9e1c-9ce3960e8613</con:testStepId>
        <con:status>NONE</con:status>
        <con:properties/>
      </con:breakPoints>
      <con:breakPoints>
        <con:testStepId>843c5be4-1069-41c9-9f01-9326f942adf2</con:testStepId>
        <con:status>NONE</con:status>
        <con:properties/>
      </con:breakPoints>
      <con:breakPoints>
        <con:testStepId>7ba903d3-a1a3-492b-a050-f760ba12fed4</con:testStepId>
        <con:status>NONE</con:status>
        <con:properties/>
      </con:breakPoints>
      <con:breakPoints>
        <con:testStepId>f56b99fc-e117-49ac-b662-32b24eafbaa7</con:testStepId>
        <con:status>NONE</con:status>
        <con:properties/>
      </con:breakPoints>
      <con:breakPoints>
        <con:testStepId>59482eb8-4496-4b41-ab01-a478613b20cc</con:testStepId>
        <con:status>NONE</con:status>
        <con:properties/>
      </con:breakPoints>
      <con:breakPoints>
        <con:testStepId>042fe54b-129d-43c0-add7-3d8408385525</con:testStepId>
        <con:status>NONE</con:status>
        <con:properties/>
      </con:breakPoints>
    </con:testCase>
    <con:properties/>
    <con:reportParameters/>
  </con:testSuite>
  <con:requirements/>
  <con:properties/>
  <con:wssContainer/>
  <con:databaseConnectionContainer/>
  <con:jmsConnectionContainer/>
  <con:oAuth2ProfileContainer/>
  <con:oAuth1ProfileContainer/>
  <con:reporting>
    <con:reportTemplates/>
    <con:xmlTemplates/>
    <con:xmlTemplates/>
    <con:parameters/>
    <con:parameters/>
  </con:reporting>
  <con:reporting/>
  <con:eventHandlers type="RequestFilter.filterRequest" name="RequestFilter.filterRequest">
    <con:script>// Sample event script to add custom HTTP header to all outgoing REST, SOAP and HTTP(S) calls
// This code is often used for adding custom authentication to ReadyAPI functional tests

// If hardcoding the token, uncomment and change line 5
// token = '4567'

// If your token is parameterized in Project level custom property, uncomment line 8
// token = request.parent.testCase.testSuite.project.getProperty('auth_token').getValue()

// To modify all outgoing calls, remove comments from lines 11 to 16
// headers = request.requestHeaders
// if (headers.containsKey('auth_token2') == false) {
//   headers.put('auth_token2', token)
//   request.requestHeaders = headers
// }</con:script>
  </con:eventHandlers>
  <con:eventHandlers type="TestRunListener.afterStep" name="TestRunListener.afterStep">
    <con:script>// Save all test step results into files
// Change the directory path in line 5 to a location where you want to store details
// then uncomment lines 5 to 10

// filePath = 'C:\\tempOutputDirectory\\'
// fos = new java.io.FileOutputStream(filePath + testStepResult.testStep.label + '.txt', true)
// pw = new java.io.PrintWriter(fos)
// testStepResult.writeTo(pw)
// pw.close()
// fos.close()</con:script>
  </con:eventHandlers>
  <con:authRepository/>
  <con:tags/>
</con:soapui-project>
